video_name,label,frame_index,x0,y0,z0,vis0,x1,y1,z1,vis1,x2,y2,z2,vis2,x3,y3,z3,vis3,x4,y4,z4,vis4,x5,y5,z5,vis5,x6,y6,z6,vis6,x7,y7,z7,vis7,x8,y8,z8,vis8,x9,y9,z9,vis9,x10,y10,z10,vis10,x11,y11,z11,vis11,x12,y12,z12,vis12,x13,y13,z13,vis13,x14,y14,z14,vis14,x15,y15,z15,vis15,x16,y16,z16,vis16,x17,y17,z17,vis17,x18,y18,z18,vis18,x19,y19,z19,vis19,x20,y20,z20,vis20,x21,y21,z21,vis21,x22,y22,z22,vis22,x23,y23,z23,vis23,x24,y24,z24,vis24,x25,y25,z25,vis25,x26,y26,z26,vis26,x27,y27,z27,vis27,x28,y28,z28,vis28,x29,y29,z29,vis29,x30,y30,z30,vis30,x31,y31,z31,vis31,x32,y32,z32,vis32
deadlift_01.mp4,deadlift,0,0.68323814868927,0.4773104786872864,-0.7232279777526855,0.9999674558639526,0.6905673146247864,0.4577537178993225,-0.7069913744926453,0.9999324083328247,0.6946045160293579,0.45641905069351196,-0.7069977521896362,0.9999252557754517,0.6986925005912781,0.4550437927246094,-0.7071842551231384,0.9999421834945679,0.676871657371521,0.45770490169525146,-0.7050617337226868,0.99988853931427,0.6725095510482788,0.45627033710479736,-0.7051152586936951,0.999871015548706,0.6684821248054504,0.454723984003067,-0.7051135301589966,0.9998692274093628,0.7068132758140564,0.4510192573070526,-0.5763775706291199,0.999893069267273,0.6642879247665405,0.45073336362838745,-0.5681705474853516,0.9997207522392273,0.690744936466217,0.4902926981449127,-0.671086847782135,0.9999808073043823,0.6749329566955566,0.49216148257255554,-0.6687313318252563,0.9999737739562988,0.7419148683547974,0.5402260422706604,-0.45030802488327026,0.9999657869338989,0.630808413028717,0.5407133102416992,-0.4165092408657074,0.9992669224739075,0.7570804357528687,0.6883255839347839,-0.45828691124916077,0.9884961843490601,0.6147164106369019,0.6974309682846069,-0.41365495324134827,0.9591578245162964,0.7657192945480347,0.8097144365310669,-0.51092928647995,0.9744130373001099,0.6013011932373047,0.8141478896141052,-0.4851197302341461,0.8921103477478027,0.7712499499320984,0.8460365533828735,-0.5487915873527527,0.9363673329353333,0.5937532186508179,0.842736005783081,-0.5218963027000427,0.7989732623100281,0.7641648650169373,0.8456486463546753,-0.5717167258262634,0.9421034455299377,0.6027110815048218,0.8460429906845093,-0.5514645576477051,0.8175230622291565,0.7571905255317688,0.8319016695022583,-0.5212427377700806,0.9374182224273682,0.6099393963813782,0.8338928818702698,-0.49951454997062683,0.8264560103416443,0.7171409130096436,0.6228101253509521,-0.0022257857490330935,0.9999761581420898,0.654088020324707,0.6209543943405151,0.00228694174438715,0.9999039173126221,0.7432475090026855,0.7568042278289795,-0.38881927728652954,0.9359531402587891,0.6261023879051208,0.7246366739273071,-0.3636668026447296,0.92167067527771,0.7325835824012756,0.9085330963134766,-0.12294621765613556,0.939486563205719,0.6401230692863464,0.9064779281616211,-0.11671269685029984,0.9519161581993103,0.7274002432823181,0.9229824542999268,-0.10466642677783966,0.6990725994110107,0.6492252349853516,0.9225805401802063,-0.09938962757587433,0.7571130990982056,0.7344708442687988,0.9719025492668152,-0.2756956219673157,0.9253506660461426,0.6332813501358032,0.9716481566429138,-0.27101415395736694,0.9393360614776611
deadlift_01.mp4,deadlift,1,0.6834989786148071,0.4766264855861664,-0.7102393507957458,0.999970555305481,0.6911025047302246,0.45639026165008545,-0.6941311359405518,0.9999374151229858,0.6951032876968384,0.455075740814209,-0.6941346526145935,0.9999314546585083,0.6993630528450012,0.45358365774154663,-0.6943123936653137,0.999946117401123,0.6772974133491516,0.45623859763145447,-0.6920912861824036,0.9998964071273804,0.6728540658950806,0.4548289179801941,-0.6921427845954895,0.9998825788497925,0.6688699126243591,0.4532420337200165,-0.692142903804779,0.9998812675476074,0.70737224817276,0.44995617866516113,-0.5659264922142029,0.9998965263366699,0.6645076274871826,0.44963547587394714,-0.5572421550750732,0.9997550845146179,0.6909026503562927,0.48972946405410767,-0.6592027544975281,0.9999818801879883,0.6751142144203186,0.49160292744636536,-0.6567350625991821,0.9999760389328003,0.7420079112052917,0.5401272773742676,-0.441479355096817,0.9999649524688721,0.630631685256958,0.5414007902145386,-0.4088626503944397,0.9993576407432556,0.7574098110198975,0.6881963014602661,-0.4489285945892334,0.9861336350440979,0.6131282448768616,0.6995317935943604,-0.4058675467967987,0.962027907371521,0.7663307189941406,0.8098012804985046,-0.498487651348114,0.9679262042045593,0.6007393002510071,0.8161332607269287,-0.47443804144859314,0.8948497772216797,0.7709933519363403,0.8469313979148865,-0.5348240733146667,0.9229982495307922,0.5938363075256348,0.8447514176368713,-0.5100833177566528,0.8006150126457214,0.7643205523490906,0.8462299108505249,-0.557508647441864,0.9302127361297607,0.6030463576316833,0.8480306267738342,-0.5392640829086304,0.8194068670272827,0.7575367093086243,0.8324166536331177,-0.5085976123809814,0.9258708953857422,0.6094263195991516,0.8358551263809204,-0.48852190375328064,0.8300856351852417,0.7167114615440369,0.6221521496772766,-0.0019283549627289176,0.999980092048645,0.6534096002578735,0.6204057931900024,0.001985269831493497,0.9999182224273682,0.7417073249816895,0.7551102638244629,-0.3841225802898407,0.9388598799705505,0.6259016990661621,0.7247979640960693,-0.3583363890647888,0.9266737699508667,0.7332105040550232,0.9106414318084717,-0.12987971305847168,0.947044849395752,0.6398791670799255,0.9049904942512512,-0.11855257302522659,0.954789400100708,0.7280831933021545,0.9252265691757202,-0.11271240562200546,0.7142370939254761,0.6485298871994019,0.9203267097473145,-0.10183411836624146,0.7643445730209351,0.7341952919960022,0.9729467630386353,-0.2841382622718811,0.9339190125465393,0.6343387365341187,0.972488284111023,-0.27193745970726013,0.9442960619926453
deadlift_01.mp4,deadlift,2,0.6821948289871216,0.45299863815307617,-0.7026650905609131,0.9999805688858032,0.6899149417877197,0.4338390827178955,-0.6857816576957703,0.9999490976333618,0.6943385004997253,0.4329063594341278,-0.6857726573944092,0.9999464750289917,0.6984710693359375,0.43177151679992676,-0.6859266757965088,0.9999536275863647,0.6754973530769348,0.43407541513442993,-0.6839417815208435,0.9999227523803711,0.6711665391921997,0.43297210335731506,-0.6840204000473022,0.9999210834503174,0.6668734550476074,0.43187040090560913,-0.6840213537216187,0.9999188184738159,0.7066025733947754,0.4301149249076843,-0.5559427738189697,0.999904990196228,0.6629413962364197,0.43063223361968994,-0.5487842559814453,0.9998440742492676,0.6906949877738953,0.4668724238872528,-0.6513525247573853,0.9999823570251465,0.6740408539772034,0.4688526391983032,-0.6493405103683472,0.9999784231185913,0.7433605790138245,0.5256050825119019,-0.4296378493309021,0.9999507665634155,0.630030632019043,0.5245778560638428,-0.40086597204208374,0.9996378421783447,0.7581154108047485,0.6760060787200928,-0.4288516044616699,0.9828256964683533,0.6127884984016418,0.6861563920974731,-0.38811546564102173,0.9675750732421875,0.7689903378486633,0.8067100644111633,-0.47872599959373474,0.962085485458374,0.5998456478118896,0.8018348217010498,-0.45618459582328796,0.9279497265815735,0.7775129079818726,0.8393423557281494,-0.5133885741233826,0.9130280613899231,0.5903522372245789,0.8332387804985046,-0.49057894945144653,0.8572017550468445,0.7703655362129211,0.8395235538482666,-0.5387479066848755,0.9204331636428833,0.5997821688652039,0.8346240520477295,-0.5240457057952881,0.8738933205604553,0.7634879350662231,0.8260037899017334,-0.4903145432472229,0.919395923614502,0.6046414971351624,0.8261452317237854,-0.47228336334228516,0.8861962556838989,0.7185478210449219,0.615715742111206,-0.0037523582577705383,0.9999853372573853,0.653597891330719,0.6148750185966492,0.0038162178825587034,0.9999595880508423,0.7405327558517456,0.7271111607551575,-0.3751627206802368,0.9543721675872803,0.6278173923492432,0.7135394811630249,-0.35503435134887695,0.9479643106460571,0.734121561050415,0.9108896255493164,-0.15002654492855072,0.9648641347885132,0.639259397983551,0.9046685695648193,-0.13053667545318604,0.9689345359802246,0.7262606620788574,0.9275375604629517,-0.13666410744190216,0.8005781173706055,0.6481616497039795,0.9249634146690369,-0.11610269546508789,0.8453332781791687,0.7369532585144043,0.9773254990577698,-0.3118703365325928,0.9548693299293518,0.6331607699394226,0.9737258553504944,-0.29069769382476807,0.9640587568283081
deadlift_01.mp4,deadlift,3,0.6824655532836914,0.44179147481918335,-0.6944667100906372,0.9999921321868896,0.690351665019989,0.4230596423149109,-0.6778809428215027,0.9999802112579346,0.6942273378372192,0.4219924509525299,-0.6778504252433777,0.9999783039093018,0.6986079216003418,0.4211038053035736,-0.6780080199241638,0.9999814033508301,0.6768056750297546,0.4236237406730652,-0.6766338348388672,0.9999707937240601,0.6723848581314087,0.4227670729160309,-0.676700234413147,0.9999696016311646,0.6687043905258179,0.42211249470710754,-0.6766785979270935,0.9999696016311646,0.7063740491867065,0.42050400376319885,-0.5461427569389343,0.9999644756317139,0.6633566617965698,0.421548455953598,-0.5415095686912537,0.9999455213546753,0.6907580494880676,0.45660877227783203,-0.6418941617012024,0.9999943971633911,0.6746135354042053,0.4577147960662842,-0.6406313180923462,0.9999932050704956,0.741438090801239,0.5111936330795288,-0.41329479217529297,0.9999840259552002,0.6286938786506653,0.5164220333099365,-0.3920278251171112,0.9998410940170288,0.7562695145606995,0.664147675037384,-0.3913828730583191,0.988071084022522,0.6166009306907654,0.6663712859153748,-0.3744659721851349,0.9729116559028625,0.767433226108551,0.783372700214386,-0.43904194235801697,0.9760728478431702,0.6035229563713074,0.7864366173744202,-0.44285446405410767,0.9348297715187073,0.7766748070716858,0.8176174759864807,-0.4729224443435669,0.9411070942878723,0.5946853756904602,0.8180317282676697,-0.478860080242157,0.8663548231124878,0.7686040997505188,0.8181322813034058,-0.5006890892982483,0.9462536573410034,0.6079215407371521,0.8179550766944885,-0.5109050869941711,0.878957986831665,0.7599711418151855,0.8093129396438599,-0.45092663168907166,0.9427824020385742,0.6148930191993713,0.8095951080322266,-0.4579966962337494,0.8856241703033447,0.7161195278167725,0.6089916229248047,-0.0012681935913860798,0.9999836683273315,0.652406632900238,0.6081973314285278,0.001272446010261774,0.9999511241912842,0.7483229041099548,0.7291040420532227,-0.3577039837837219,0.9711441397666931,0.6254015564918518,0.7199699878692627,-0.3391552269458771,0.9709043502807617,0.7326215505599976,0.9091637134552002,-0.11634765565395355,0.9766728281974792,0.6414848566055298,0.9043958187103271,-0.10284168273210526,0.9782604575157166,0.7259494662284851,0.9257341623306274,-0.10128506273031235,0.8114936351776123,0.6518222689628601,0.9243943095207214,-0.0870567113161087,0.8474254012107849,0.734844982624054,0.9759048223495483,-0.2742845416069031,0.963934600353241,0.6319079995155334,0.9726436138153076,-0.25542235374450684,0.9711445569992065
deadlift_01.mp4,deadlift,4,0.6808515787124634,0.43257349729537964,-0.7537624835968018,0.9999879598617554,0.6899216175079346,0.41295385360717773,-0.736985981464386,0.9999665021896362,0.6942319273948669,0.41176289319992065,-0.7369770407676697,0.9999659061431885,0.6984453201293945,0.4105045199394226,-0.7371849417686462,0.9999704360961914,0.675338625907898,0.41281116008758545,-0.7349837422370911,0.9999399185180664,0.6710858345031738,0.41153937578201294,-0.7350301146507263,0.9999345541000366,0.666908860206604,0.4100891351699829,-0.7349794507026672,0.9999256134033203,0.706680417060852,0.4090885519981384,-0.5947345495223999,0.9999511241912842,0.6632661819458008,0.40810978412628174,-0.5854139924049377,0.999871015548706,0.6893230080604553,0.44688618183135986,-0.6965315937995911,0.9999916553497314,0.6725816130638123,0.4476795196533203,-0.6940484642982483,0.9999879598617554,0.7417332530021667,0.5067465305328369,-0.4401750862598419,0.9999904632568359,0.628384530544281,0.5043240785598755,-0.4231177568435669,0.9997742772102356,0.7597998976707458,0.6601462364196777,-0.41553688049316406,0.9947080612182617,0.6092105507850647,0.6545562148094177,-0.4050186276435852,0.9680433869361877,0.7716799378395081,0.7815812230110168,-0.46201464533805847,0.9900699257850647,0.5991605520248413,0.7739206552505493,-0.47915294766426086,0.9278057217597961,0.778610110282898,0.8149955868721008,-0.4976933002471924,0.9722779393196106,0.5924257636070251,0.8049660921096802,-0.5163087844848633,0.8592498302459717,0.7715551853179932,0.8136839270591736,-0.5292375087738037,0.9754693508148193,0.6016455292701721,0.8058184385299683,-0.5509769320487976,0.8714193105697632,0.7667981386184692,0.8059957027435303,-0.47519710659980774,0.9716992974281311,0.605830729007721,0.7965155839920044,-0.49513164162635803,0.8689960241317749,0.7175103425979614,0.6026347279548645,0.0032239838037639856,0.9999858140945435,0.6505285501480103,0.5995588302612305,-0.0031332022044807673,0.9999473094940186,0.7462387084960938,0.7239201664924622,-0.3644016981124878,0.9826943278312683,0.628106951713562,0.7244038581848145,-0.3423842191696167,0.9771108627319336,0.7337511777877808,0.9112285375595093,-0.1102927029132843,0.981812596321106,0.6414352059364319,0.9059212803840637,-0.09502414613962173,0.9826653003692627,0.7250490784645081,0.9264365434646606,-0.09466174244880676,0.8536686897277832,0.6506285667419434,0.923232913017273,-0.07880022376775742,0.8555218577384949,0.7397894859313965,0.9787030220031738,-0.28048229217529297,0.9707826972007751,0.6334285736083984,0.9745799899101257,-0.2621570825576782,0.9755949378013611
deadlift_01.mp4,deadlift,5,0.6826474666595459,0.4127551019191742,-0.8579802513122559,0.9999951124191284,0.6909388303756714,0.394142746925354,-0.8339279890060425,0.9999879598617554,0.6949607729911804,0.39271607995033264,-0.8339385390281677,0.9999858140945435,0.6992488503456116,0.3916590213775635,-0.8341253995895386,0.9999886751174927,0.6767479777336121,0.39490607380867004,-0.8338918089866638,0.9999819993972778,0.6721510291099548,0.39405661821365356,-0.8339822292327881,0.9999797344207764,0.6683816313743591,0.39308685064315796,-0.8339540362358093,0.999981164932251,0.7059859037399292,0.39254194498062134,-0.6611527800559998,0.999977707862854,0.6630159616470337,0.3945106863975525,-0.6606298685073853,0.999962329864502,0.6906003952026367,0.42982518672943115,-0.7904840111732483,0.9999967813491821,0.6742758750915527,0.43017271161079407,-0.7904641032218933,0.9999958276748657,0.7416610717773438,0.49300795793533325,-0.49360430240631104,0.9999936819076538,0.6286467909812927,0.4909101128578186,-0.4865274727344513,0.999913215637207,0.7602658867835999,0.6416357159614563,-0.4919244050979614,0.996025562286377,0.6087013483047485,0.6485860347747803,-0.4985758364200592,0.9768422245979309,0.7691994905471802,0.7688181400299072,-0.5882327556610107,0.9893108606338501,0.5985919833183289,0.767113447189331,-0.6105700135231018,0.9404220581054688,0.7788710594177246,0.805375337600708,-0.6377771496772766,0.9702370166778564,0.5904014706611633,0.7979100942611694,-0.661426305770874,0.8775027990341187,0.7681379318237305,0.8058182597160339,-0.6714739799499512,0.9728877544403076,0.6014809608459473,0.7980570197105408,-0.6995911002159119,0.885470449924469,0.7621967196464539,0.7924922108650208,-0.6045911908149719,0.9664209485054016,0.6060313582420349,0.7886792421340942,-0.6294804811477661,0.8730180859565735,0.7183772325515747,0.6018919348716736,0.0015354719944298267,0.9999885559082031,0.6531792283058167,0.5979684591293335,-0.00135133252479136,0.999962568283081,0.7467982769012451,0.7401536107063293,-0.43104317784309387,0.9911187291145325,0.6272888779640198,0.7172008752822876,-0.407805860042572,0.9858554005622864,0.7343879342079163,0.9138983488082886,-0.15903903543949127,0.989553689956665,0.6385878920555115,0.9071906208992004,-0.13860949873924255,0.9886625409126282,0.7273221611976624,0.9340568780899048,-0.14389102160930634,0.8982278108596802,0.6478016972541809,0.9287397861480713,-0.12241845577955246,0.8926138281822205,0.7391566038131714,0.976138710975647,-0.36412617564201355,0.98317551612854,0.6304289102554321,0.9720178842544556,-0.3359968960285187,0.9824258089065552
deadlift_01.mp4,deadlift,6,0.6814345121383667,0.39833900332450867,-0.8589900732040405,0.9999973773956299,0.6899427771568298,0.3798840343952179,-0.8367851972579956,0.999992847442627,0.6942458152770996,0.37917160987854004,-0.8367831707000732,0.9999923706054688,0.6986682415008545,0.3787015676498413,-0.8369728326797485,0.9999940395355225,0.674757719039917,0.3799828886985779,-0.8347534537315369,0.999988317489624,0.6701797246932983,0.3792458176612854,-0.8348557949066162,0.9999868869781494,0.6660018563270569,0.3784226179122925,-0.8348192572593689,0.9999871253967285,0.7064313292503357,0.3789612650871277,-0.67128986120224,0.9999895095825195,0.6624312996864319,0.3801364302635193,-0.6612531542778015,0.9999749660491943,0.6903299689292908,0.4130891263484955,-0.7944047451019287,0.9999980926513672,0.6726614236831665,0.41392698884010315,-0.7916900515556335,0.9999971389770508,0.7437936067581177,0.4805690348148346,-0.5059770941734314,0.9999961853027344,0.6291603446006775,0.4773903489112854,-0.48084211349487305,0.9999245405197144,0.7623505592346191,0.6248440146446228,-0.4802093803882599,0.9978663325309753,0.6089112162590027,0.6314793229103088,-0.4602765142917633,0.9804885387420654,0.7697212100028992,0.7608150243759155,-0.5477089285850525,0.9923707246780396,0.5986484289169312,0.7539260387420654,-0.5513534545898438,0.9377658367156982,0.7814717292785645,0.7965371012687683,-0.5907084941864014,0.9757273197174072,0.5904421210289001,0.7860459089279175,-0.5937525629997253,0.8660748600959778,0.7698919177055359,0.7969449758529663,-0.627500057220459,0.9778543710708618,0.6010922193527222,0.7870627641677856,-0.6356944441795349,0.8751108646392822,0.7629672288894653,0.7840315103530884,-0.5636963844299316,0.9725631475448608,0.6066796779632568,0.7765532732009888,-0.5708656907081604,0.8640619516372681,0.7199074625968933,0.5958414077758789,-6.277390184550313e-06,0.9999860525131226,0.6542760729789734,0.5922703742980957,0.0001176152509287931,0.999951958656311,0.7458751797676086,0.7508899569511414,-0.37220844626426697,0.9920176267623901,0.6295737624168396,0.7304503321647644,-0.3295555114746094,0.9884029030799866,0.7340946793556213,0.9135640859603882,-0.0908912941813469,0.991020143032074,0.6405069231987,0.9057174921035767,-0.06285410374403,0.9889757633209229,0.7266573309898376,0.9323075413703918,-0.07495427131652832,0.8926167488098145,0.6481162309646606,0.9262188673019409,-0.04710296541452408,0.8805930614471436,0.7393249273300171,0.9762458801269531,-0.2858011722564697,0.982311487197876,0.6314893960952759,0.9722533226013184,-0.24987280368804932,0.9807464480400085
deadlift_01.mp4,deadlift,7,0.6831750869750977,0.3647421598434448,-0.818213939666748,0.9999972581863403,0.6911230087280273,0.3463105261325836,-0.7959911227226257,0.9999923706054688,0.695279598236084,0.3454081416130066,-0.7959649562835693,0.9999915361404419,0.6986347436904907,0.3446575403213501,-0.7961110472679138,0.999992847442627,0.6764364838600159,0.34780439734458923,-0.7943151593208313,0.9999898672103882,0.6719277501106262,0.34753337502479553,-0.7944422960281372,0.9999896287918091,0.667983889579773,0.34723490476608276,-0.7944251894950867,0.9999901056289673,0.7060234546661377,0.3485220670700073,-0.639062225818634,0.9999842643737793,0.6633954048156738,0.3512086272239685,-0.6330779790878296,0.9999818801879883,0.6919694542884827,0.3813008666038513,-0.7579513788223267,0.9999969005584717,0.6746358871459961,0.3818588852882385,-0.7563856244087219,0.9999966621398926,0.7456534504890442,0.4561094045639038,-0.4876064956188202,0.9999884366989136,0.6280826926231384,0.45830559730529785,-0.46496453881263733,0.9999302625656128,0.7601976990699768,0.6099468469619751,-0.44418609142303467,0.9952099919319153,0.6129183173179626,0.6112467646598816,-0.4329562187194824,0.9844306111335754,0.7653841972351074,0.7325736284255981,-0.4869784712791443,0.9857144951820374,0.6003873348236084,0.7397028207778931,-0.5088805556297302,0.9483750462532043,0.7754373550415039,0.7670819759368896,-0.5231881141662598,0.9584051966667175,0.5935284495353699,0.7681143283843994,-0.5469028949737549,0.8827101588249207,0.7686702013015747,0.7698859572410583,-0.5587969422340393,0.9611086249351501,0.6033904552459717,0.7701883316040039,-0.5872215032577515,0.8907889723777771,0.7632977962493896,0.7584962248802185,-0.5014894008636475,0.9560666084289551,0.606582522392273,0.7616859078407288,-0.5271708965301514,0.8884302973747253,0.7226800918579102,0.5804499983787537,3.4268861782038584e-05,0.9999866485595703,0.6535959839820862,0.5798583626747131,-9.115560533246025e-05,0.9999668598175049,0.7470657229423523,0.744626522064209,-0.29566413164138794,0.9775564074516296,0.6319849491119385,0.7303024530410767,-0.26902467012405396,0.977059543132782,0.7334478497505188,0.9105862975120544,-0.06417304277420044,0.9836769104003906,0.6406800150871277,0.9067070484161377,-0.0415092408657074,0.9817527532577515,0.7253595590591431,0.9265291690826416,-0.05246118828654289,0.8722331523895264,0.6494888067245483,0.9236446022987366,-0.02869308367371559,0.8472331762313843,0.7386012077331543,0.9776716232299805,-0.24746526777744293,0.972252368927002,0.6314966678619385,0.9736088514328003,-0.21757611632347107,0.9727874398231506
deadlift_01.mp4,deadlift,8,0.6832028031349182,0.3649296164512634,-0.80800461769104,0.9999974966049194,0.6911429762840271,0.34657689929008484,-0.7865802645683289,0.9999929666519165,0.6952801942825317,0.3456133306026459,-0.7865470051765442,0.9999922513961792,0.6986591815948486,0.3448181748390198,-0.7866889238357544,0.9999933242797852,0.6764826774597168,0.34813833236694336,-0.7848667502403259,0.9999908208847046,0.67193204164505,0.3478638231754303,-0.7849925756454468,0.999990701675415,0.6679778099060059,0.34758707880973816,-0.7849712371826172,0.9999909400939941,0.7060213088989258,0.34852808713912964,-0.6322060823440552,0.9999858140945435,0.6632419228553772,0.351357102394104,-0.6260064244270325,0.9999839067459106,0.6920080780982971,0.3815004825592041,-0.7484955191612244,0.9999970197677612,0.674636960029602,0.38209283351898193,-0.7468838691711426,0.9999967813491821,0.7451962232589722,0.4549309015274048,-0.48140203952789307,0.9999886751174927,0.6280367374420166,0.4589240252971649,-0.4593239724636078,0.9999306201934814,0.7602295279502869,0.6094590425491333,-0.4329441785812378,0.9947935938835144,0.6129597425460815,0.6110575795173645,-0.42496275901794434,0.9852794408798218,0.7653850317001343,0.730270266532898,-0.46918442845344543,0.9850165843963623,0.5998591780662537,0.7399970293045044,-0.49550870060920715,0.9529722929000854,0.7752786874771118,0.765609085559845,-0.5039480924606323,0.9564914703369141,0.5921856164932251,0.7688040137290955,-0.5318349003791809,0.8915955424308777,0.768620491027832,0.7686585783958435,-0.5390828847885132,0.9592933654785156,0.6023184657096863,0.7706044316291809,-0.5720846056938171,0.8993810415267944,0.7632886171340942,0.7570152878761292,-0.48329025506973267,0.95513916015625,0.6056379675865173,0.7618181109428406,-0.5134896039962769,0.8979825377464294,0.722405731678009,0.5796763896942139,-0.0015834106598049402,0.9999862909317017,0.6533071994781494,0.579789400100708,0.0015114168636500835,0.9999656677246094,0.7468937635421753,0.7430490255355835,-0.29194819927215576,0.9784478545188904,0.6311535239219666,0.7315801382064819,-0.2557601034641266,0.9773371815681458,0.7337594032287598,0.9093155860900879,-0.06185837835073471,0.9844634532928467,0.6413241028785706,0.9082072973251343,-0.030201878398656845,0.9816746115684509,0.7246695160865784,0.9253830909729004,-0.05004886910319328,0.8781058192253113,0.6504351496696472,0.9255272150039673,-0.017302721738815308,0.8498225808143616,0.7394696474075317,0.9796255230903625,-0.24100326001644135,0.9733374714851379,0.6303690075874329,0.9732726216316223,-0.20087145268917084,0.9719659090042114
deadlift_01.mp4,deadlift,9,0.6832520365715027,0.3306245505809784,-0.8175539970397949,0.9999985694885254,0.6912926435470581,0.31362953782081604,-0.7921493053436279,0.9999961853027344,0.6959584951400757,0.31287726759910583,-0.7921420335769653,0.9999957084655762,0.6992432475090027,0.31225278973579407,-0.7922941446304321,0.9999967813491821,0.676069438457489,0.31421077251434326,-0.7919563055038452,0.9999943971633911,0.6716241240501404,0.3140511214733124,-0.7920899391174316,0.9999936819076538,0.66706782579422,0.31386637687683105,-0.7920994758605957,0.9999943971633911,0.7058469653129578,0.31428220868110657,-0.6285458207130432,0.9999936819076538,0.6634302139282227,0.31573137640953064,-0.6290298700332642,0.9999885559082031,0.6931610107421875,0.34619247913360596,-0.7557843327522278,0.999998927116394,0.674481987953186,0.3489980101585388,-0.7560586929321289,0.9999984502792358,0.7455592155456543,0.42919212579727173,-0.48505380749702454,0.999992847442627,0.6290714740753174,0.43191349506378174,-0.46541255712509155,0.999955415725708,0.7636560797691345,0.5754868388175964,-0.46051132678985596,0.9957566857337952,0.6138193607330322,0.5817248225212097,-0.4466094374656677,0.9849853515625,0.7700744867324829,0.7067880630493164,-0.5360372066497803,0.9847068190574646,0.6044136881828308,0.7106691002845764,-0.5332801938056946,0.9459583163261414,0.7797175049781799,0.7385110259056091,-0.578093945980072,0.956377387046814,0.5941848158836365,0.7443184852600098,-0.5736494064331055,0.8818299174308777,0.7730896472930908,0.740323007106781,-0.6152480244636536,0.9588443636894226,0.604289174079895,0.7466150522232056,-0.6183436512947083,0.8883850574493408,0.7664143443107605,0.7318843603134155,-0.5525985956192017,0.9527182579040527,0.6096940040588379,0.7357532382011414,-0.5542026162147522,0.8838395476341248,0.7191741466522217,0.5684914588928223,-0.0011992467334493995,0.9999823570251465,0.6530393958091736,0.5689980387687683,0.0011736931046471,0.9999563694000244,0.7444929480552673,0.7297029495239258,-0.35786131024360657,0.9857688546180725,0.6348302364349365,0.7215961217880249,-0.31293681263923645,0.980511486530304,0.7352109551429749,0.9097708463668823,-0.12636665999889374,0.9861759543418884,0.6422584056854248,0.9073780179023743,-0.09195072203874588,0.9818145632743835,0.7284188270568848,0.9279954433441162,-0.11569095402956009,0.8822349905967712,0.6503480672836304,0.9263478517532349,-0.08143191784620285,0.8225293159484863,0.7368831038475037,0.9736859798431396,-0.32663121819496155,0.9779394268989563,0.6350076198577881,0.9714299440383911,-0.28926578164100647,0.9710692763328552
deadlift_01.mp4,deadlift,10,0.6826257109642029,0.31646066904067993,-0.7821401953697205,0.999997615814209,0.6913331747055054,0.2987004518508911,-0.7574965953826904,0.9999934434890747,0.6957016587257385,0.2980533838272095,-0.7574790120124817,0.9999929666519165,0.6992748379707336,0.29767170548439026,-0.7575980424880981,0.999994158744812,0.6764008402824402,0.29964062571525574,-0.7565100193023682,0.999991774559021,0.6720918416976929,0.2994823753833771,-0.7566628456115723,0.999991774559021,0.6678893566131592,0.29950833320617676,-0.7566831707954407,0.9999926090240479,0.706741452217102,0.3006162941455841,-0.5986507534980774,0.9999867677688599,0.663504958152771,0.30233877897262573,-0.5955787301063538,0.9999852180480957,0.6925047039985657,0.33255282044410706,-0.7225541472434998,0.9999974966049194,0.6739988923072815,0.3346107006072998,-0.7219092845916748,0.9999971389770508,0.7465173602104187,0.4197201132774353,-0.45699822902679443,0.9999837875366211,0.6302371025085449,0.41686496138572693,-0.4371218979358673,0.9999450445175171,0.7638775110244751,0.5640345811843872,-0.4099785387516022,0.9910141825675964,0.6116735935211182,0.5640003681182861,-0.3944491446018219,0.9864377975463867,0.7698328495025635,0.6966522932052612,-0.46793776750564575,0.9674780964851379,0.6014901399612427,0.696683943271637,-0.46396100521087646,0.9499539136886597,0.7780696153640747,0.7312794923782349,-0.5009511709213257,0.9192475080490112,0.593375563621521,0.7302299737930298,-0.49799221754074097,0.8863614201545715,0.7728723287582397,0.7336424589157104,-0.540041983127594,0.9232577085494995,0.6013050675392151,0.7323992252349854,-0.5409823656082153,0.8937933444976807,0.767476499080658,0.7256045341491699,-0.4840879738330841,0.916368842124939,0.6060128211975098,0.7227203845977783,-0.4832056760787964,0.890518844127655,0.7196227312088013,0.5628548264503479,-0.002173176733776927,0.9999769926071167,0.6534534692764282,0.5628106594085693,0.0020690644159913063,0.999954104423523,0.7437956929206848,0.731345534324646,-0.2766781151294708,0.9844365119934082,0.6320018768310547,0.7224940061569214,-0.24400034546852112,0.9839048981666565,0.7341463565826416,0.9095333814620972,-0.05390796810388565,0.9900936484336853,0.6406128406524658,0.9069939851760864,-0.030749017372727394,0.98714280128479,0.727530300617218,0.9278396368026733,-0.043261393904685974,0.8910422921180725,0.6484086513519287,0.9246387481689453,-0.019817277789115906,0.842653751373291,0.7381024360656738,0.976597785949707,-0.24059921503067017,0.9820084571838379,0.6321716904640198,0.9736042618751526,-0.21206754446029663,0.9784919023513794
deadlift_01.mp4,deadlift,11,0.680676281452179,0.2982546389102936,-0.7758825421333313,0.9999977350234985,0.6890478730201721,0.28098317980766296,-0.7505514025688171,0.9999927282333374,0.6939997673034668,0.2800600230693817,-0.7505181431770325,0.9999929666519165,0.697593629360199,0.2796657383441925,-0.7506096959114075,0.9999935626983643,0.6744740009307861,0.28252243995666504,-0.7489964365959167,0.9999915361404419,0.6702584624290466,0.28274381160736084,-0.7491592764854431,0.9999921321868896,0.6664696931838989,0.28296929597854614,-0.7491853833198547,0.9999923706054688,0.7059423327445984,0.28389275074005127,-0.5927063226699829,0.999985933303833,0.6633462309837341,0.2866956889629364,-0.5868085622787476,0.9999849796295166,0.6911057233810425,0.3152162432670593,-0.7172477841377258,0.999996542930603,0.6726706027984619,0.3180921673774719,-0.7158681154251099,0.9999960660934448,0.746620237827301,0.4074938893318176,-0.457673579454422,0.9999723434448242,0.6301840543746948,0.4018837511539459,-0.4324879050254822,0.9999266862869263,0.7657106518745422,0.5543690919876099,-0.41282030940055847,0.9918428659439087,0.6125189661979675,0.5381590127944946,-0.3912876546382904,0.9861343502998352,0.772919237613678,0.6819969415664673,-0.464459627866745,0.9703863859176636,0.5999876260757446,0.678825318813324,-0.4601665139198303,0.9527771472930908,0.7807748317718506,0.7177245616912842,-0.4955271780490875,0.9260887503623962,0.5938565731048584,0.7189128398895264,-0.49416691064834595,0.891415536403656,0.7751484513282776,0.7205572128295898,-0.5351681709289551,0.9301213026046753,0.6012464761734009,0.7192013263702393,-0.5354436635971069,0.8979361057281494,0.7699329853057861,0.7104899287223816,-0.48078858852386475,0.9248796701431274,0.6063573956489563,0.7054956555366516,-0.47896984219551086,0.8958399891853333,0.7203086018562317,0.5585390329360962,-0.008590689860284328,0.9999686479568481,0.6541851162910461,0.5575013756752014,0.008459632284939289,0.9999537467956543,0.7401251792907715,0.7260490655899048,-0.25560638308525085,0.9867305755615234,0.633943498134613,0.717876672744751,-0.21692365407943726,0.9872246980667114,0.7343446016311646,0.9098308086395264,-0.04055745154619217,0.9924720525741577,0.6424265503883362,0.9094095230102539,-0.013211986050009727,0.9913764595985413,0.7279053330421448,0.9290459752082825,-0.03099312260746956,0.9053890705108643,0.6508150696754456,0.9269705414772034,-0.0033933501690626144,0.8857912421226501,0.7387753129005432,0.9764100313186646,-0.2263445109128952,0.9866286516189575,0.6317417025566101,0.9752947092056274,-0.19021253287792206,0.9857906103134155
deadlift_01.mp4,deadlift,12,0.6809948682785034,0.28524595499038696,-0.768123209476471,0.9999964237213135,0.6897550225257874,0.267494261264801,-0.7435087561607361,0.9999891519546509,0.694625973701477,0.2669469118118286,-0.7434753179550171,0.99998939037323,0.6982389688491821,0.2666953206062317,-0.7435299158096313,0.9999898672103882,0.6750184297561646,0.26847127079963684,-0.7417162656784058,0.9999878406524658,0.6705435514450073,0.2685341238975525,-0.74189293384552,0.9999892711639404,0.6668379902839661,0.26857760548591614,-0.741938591003418,0.9999898672103882,0.7067319750785828,0.271060585975647,-0.5897752046585083,0.9999771118164062,0.6632221937179565,0.27382826805114746,-0.5825861692428589,0.9999798536300659,0.6917964220046997,0.30268970131874084,-0.7112086415290833,0.999993085861206,0.6728180050849915,0.3046763837337494,-0.7094609141349792,0.999992847442627,0.7484749555587769,0.39243829250335693,-0.4610807001590729,0.9999434947967529,0.6299203038215637,0.39293962717056274,-0.43495166301727295,0.9999219179153442,0.7652211785316467,0.5361810922622681,-0.41960346698760986,0.9849088788032532,0.6129403114318848,0.5332848429679871,-0.39889493584632874,0.9877107739448547,0.7709360122680664,0.6716826558113098,-0.46558260917663574,0.9425575733184814,0.5991322994232178,0.6773184537887573,-0.4678086042404175,0.9557730555534363,0.7789937257766724,0.7080246806144714,-0.4955228269100189,0.8755670189857483,0.5896894335746765,0.7108219861984253,-0.5011126399040222,0.8963797092437744,0.7738384008407593,0.7111368775367737,-0.5327346324920654,0.8793595433235168,0.5977935791015625,0.7113651633262634,-0.5425983667373657,0.9020660519599915,0.7660989761352539,0.6980382204055786,-0.4809854328632355,0.8737212419509888,0.6029654741287231,0.6992932558059692,-0.4866820275783539,0.9016954302787781,0.7207558155059814,0.5539464950561523,-0.011969187296926975,0.9999641180038452,0.6545315384864807,0.5511437654495239,0.011803699657320976,0.9999527931213379,0.736272931098938,0.7143828868865967,-0.2666129171848297,0.9867009520530701,0.6397923231124878,0.7122058868408203,-0.20984458923339844,0.9847546815872192,0.7354848384857178,0.9080758690834045,-0.07315225899219513,0.9921923279762268,0.6415941119194031,0.9021056890487671,-0.02644837461411953,0.9904143214225769,0.7266297340393066,0.9310059547424316,-0.06599869579076767,0.9030548930168152,0.650603175163269,0.9217507839202881,-0.018570320680737495,0.8883646726608276,0.7340694069862366,0.9763736724853516,-0.2609803378582001,0.986221969127655,0.6313855648040771,0.9692560434341431,-0.2020842730998993,0.9856189489364624
deadlift_01.mp4,deadlift,13,0.6826910972595215,0.27344512939453125,-0.7536869645118713,0.9999935626983643,0.6907408237457275,0.2556172311306,-0.7296354174613953,0.9999823570251465,0.6948736906051636,0.25493288040161133,-0.729624330997467,0.9999819993972778,0.6984862089157104,0.2546069622039795,-0.7296862602233887,0.999983549118042,0.6767533421516418,0.25741714239120483,-0.7284811735153198,0.999981164932251,0.6719729900360107,0.25767356157302856,-0.7286563515663147,0.999982476234436,0.668340802192688,0.25789353251457214,-0.7287183403968811,0.9999842643737793,0.7061831951141357,0.26119542121887207,-0.574101984500885,0.9999572038650513,0.6638311743736267,0.26372411847114563,-0.5708272457122803,0.9999650716781616,0.6925789713859558,0.28973567485809326,-0.6956242322921753,0.9999876022338867,0.6745527982711792,0.2908894419670105,-0.6949647665023804,0.999988317489624,0.748613715171814,0.38145357370376587,-0.44570061564445496,0.9998956918716431,0.6311617493629456,0.3814404606819153,-0.4208114445209503,0.9998821020126343,0.7634337544441223,0.5253161191940308,-0.4048861265182495,0.9816556572914124,0.6134377717971802,0.5230498909950256,-0.3760126233100891,0.9804701209068298,0.7695221304893494,0.6643339395523071,-0.4528970420360565,0.9348533153533936,0.5988848805427551,0.6673725247383118,-0.4476384222507477,0.9358702898025513,0.7777313590049744,0.6972614526748657,-0.4828001856803894,0.8611164689064026,0.5889189839363098,0.6987776160240173,-0.48128417134284973,0.862660825252533,0.7722530364990234,0.7008008360862732,-0.5220724940299988,0.866777777671814,0.5966945886611938,0.7017763257026672,-0.5250537395477295,0.8726735711097717,0.7647572159767151,0.6877714991569519,-0.46905261278152466,0.8614230155944824,0.6022519469261169,0.6897456645965576,-0.46747300028800964,0.8747900724411011,0.7217012047767639,0.5537874698638916,-0.008422722108662128,0.9999065399169922,0.6557034850120544,0.5503860712051392,0.0083357198163867,0.9999005794525146,0.7344341278076172,0.7213438749313354,-0.17497560381889343,0.9850021004676819,0.6430596113204956,0.7159733176231384,-0.16406750679016113,0.9860525131225586,0.7346123456954956,0.9057188034057617,0.013586197048425674,0.9916985034942627,0.6398101449012756,0.9058303833007812,0.019501596689224243,0.9922365546226501,0.7255227565765381,0.9273935556411743,0.020180748775601387,0.9083932042121887,0.6486331224441528,0.9280712604522705,0.02725391648709774,0.8904795050621033,0.7360464930534363,0.9752751588821411,-0.16476935148239136,0.9846526980400085,0.63205885887146,0.9676811695098877,-0.1554238498210907,0.9862755537033081
deadlift_01.mp4,deadlift,14,0.6834312677383423,0.24328497052192688,-0.6861237287521362,0.9999915361404419,0.6919921636581421,0.22574913501739502,-0.6624042987823486,0.9999756813049316,0.6959515810012817,0.22537806630134583,-0.6624094843864441,0.9999743700027466,0.6995543241500854,0.22517025470733643,-0.6624615788459778,0.9999762773513794,0.677035927772522,0.226423978805542,-0.6613425612449646,0.9999756813049316,0.6717899441719055,0.2268279492855072,-0.6615073084831238,0.9999775886535645,0.6676555871963501,0.2273540198802948,-0.6615826487541199,0.9999809265136719,0.7062505483627319,0.23191261291503906,-0.506718099117279,0.9999338388442993,0.6627708673477173,0.23481407761573792,-0.5040597915649414,0.9999580383300781,0.6927957534790039,0.26132649183273315,-0.6279038190841675,0.999985933303833,0.6746205687522888,0.2628531754016876,-0.627377450466156,0.9999885559082031,0.7499092817306519,0.35912424325942993,-0.3820694088935852,0.9998596906661987,0.6294940710067749,0.35894107818603516,-0.36054161190986633,0.9998779296875,0.7637932300567627,0.4994354844093323,-0.33232200145721436,0.9799990057945251,0.614310622215271,0.49995434284210205,-0.30140212178230286,0.9797138571739197,0.774104654788971,0.634231686592102,-0.39707237482070923,0.9183101654052734,0.6035279035568237,0.6353141665458679,-0.3905428647994995,0.9367996454238892,0.7820298075675964,0.6674721837043762,-0.4280269145965576,0.8313790559768677,0.5949434638023376,0.667458713054657,-0.4271111488342285,0.8694009184837341,0.7760223746299744,0.6692619323730469,-0.46880611777305603,0.8386321663856506,0.6026698350906372,0.6678597331047058,-0.47058379650115967,0.8789495229721069,0.7696672081947327,0.6600310802459717,-0.4140033721923828,0.8268967866897583,0.60785973072052,0.6583348512649536,-0.41035544872283936,0.8751510381698608,0.7215129137039185,0.5505310297012329,-0.005307224113494158,0.9997571110725403,0.6546956300735474,0.5491631031036377,0.005190451163798571,0.9997747540473938,0.7279632687568665,0.7325634956359863,-0.09180083870887756,0.9847958087921143,0.6484195590019226,0.7263026237487793,-0.12266082316637039,0.9867345094680786,0.7345781326293945,0.9079089760780334,0.10765761882066727,0.9903104901313782,0.6419466137886047,0.9051882028579712,0.0773467868566513,0.9915704727172852,0.7279664874076843,0.9278686046600342,0.11550770699977875,0.8808702230453491,0.6497139930725098,0.9281353950500488,0.08673834800720215,0.858637809753418,0.7346243858337402,0.9759360551834106,-0.066376231610775,0.9817490577697754,0.6322700381278992,0.969957709312439,-0.0986308753490448,0.9852108359336853
deadlift_01.mp4,deadlift,15,0.683603823184967,0.24259179830551147,-0.7112823724746704,0.9999889135360718,0.6922658681869507,0.2253146767616272,-0.6872860193252563,0.9999696016311646,0.696102499961853,0.22513306140899658,-0.6872941851615906,0.9999688863754272,0.699687659740448,0.22494399547576904,-0.687352180480957,0.9999711513519287,0.6772639155387878,0.2260483205318451,-0.6862727403640747,0.9999709129333496,0.6718565821647644,0.22649270296096802,-0.6864458322525024,0.9999736547470093,0.667553186416626,0.22697311639785767,-0.6865249276161194,0.9999773502349854,0.7061346173286438,0.2319944202899933,-0.5308036208152771,0.9999154806137085,0.6625920534133911,0.23464366793632507,-0.5283188819885254,0.999947190284729,0.6930320858955383,0.26045089960098267,-0.6529579758644104,0.9999809265136719,0.6746733784675598,0.26200103759765625,-0.6525074243545532,0.9999847412109375,0.7500522136688232,0.3590744733810425,-0.4055265486240387,0.9998252987861633,0.6292018294334412,0.35964828729629517,-0.3836713433265686,0.999862790107727,0.7637165784835815,0.5017107129096985,-0.35950666666030884,0.9806601405143738,0.6143832802772522,0.5023487210273743,-0.326619029045105,0.9796118140220642,0.7731302976608276,0.6360834836959839,-0.4196334481239319,0.9189639687538147,0.60176020860672,0.6384490728378296,-0.41199785470962524,0.9386562705039978,0.7807722687721252,0.6688442230224609,-0.451365202665329,0.8335316777229309,0.5936506390571594,0.669559895992279,-0.4491089880466461,0.8720588684082031,0.7737547755241394,0.6703968644142151,-0.4915592074394226,0.8403695225715637,0.6015156507492065,0.6695045232772827,-0.4929800033569336,0.8814378380775452,0.7689814567565918,0.6614002585411072,-0.43631142377853394,0.8297738432884216,0.6063225269317627,0.6605954766273499,-0.4319790303707123,0.8783786296844482,0.721750020980835,0.5492641925811768,-0.005969331134110689,0.9997360110282898,0.6545771956443787,0.5475885272026062,0.005878709722310305,0.9997536540031433,0.7273218631744385,0.7308393716812134,-0.0667295977473259,0.9821183681488037,0.6493424773216248,0.7254598736763,-0.09763335436582565,0.9804572463035583,0.7364504337310791,0.9086511135101318,0.11735320091247559,0.9887720942497253,0.6415935754776001,0.9056979417800903,0.09023454785346985,0.9887601137161255,0.7304984927177429,0.930012047290802,0.12361141294240952,0.8659321069717407,0.6483704447746277,0.929814338684082,0.09839709848165512,0.832991898059845,0.7337728142738342,0.9744837284088135,-0.058244746178388596,0.9791160225868225,0.6335659623146057,0.9678905010223389,-0.08784858882427216,0.9812521934509277
deadlift_01.mp4,deadlift,16,0.6837302446365356,0.21589338779449463,-0.6072010397911072,0.9999926090240479,0.692067563533783,0.19807273149490356,-0.5848686695098877,0.999975323677063,0.696782112121582,0.19804513454437256,-0.5848675966262817,0.9999735355377197,0.7001562118530273,0.19806981086730957,-0.5848584771156311,0.9999744892120361,0.6768414378166199,0.19832685589790344,-0.5842564702033997,0.9999756813049316,0.6721773743629456,0.19825592637062073,-0.5843906402587891,0.9999778270721436,0.668027400970459,0.19826889038085938,-0.5844682455062866,0.9999804496765137,0.7075117826461792,0.20458388328552246,-0.43629124760627747,0.9999171495437622,0.664061427116394,0.20510748028755188,-0.4361494183540344,0.9999520778656006,0.6930943131446838,0.23625686764717102,-0.5514872074127197,0.9999871253967285,0.6752907037734985,0.23857420682907104,-0.5516475439071655,0.9999902248382568,0.749636709690094,0.3337351381778717,-0.3185150623321533,0.9998928308486938,0.6296205520629883,0.3373677134513855,-0.3086852431297302,0.999903678894043,0.7644362449645996,0.48143741488456726,-0.2572200298309326,0.9795569181442261,0.6136888265609741,0.48117968440055847,-0.24488790333271027,0.9806550741195679,0.773945689201355,0.621222734451294,-0.31810319423675537,0.9398882389068604,0.5998480319976807,0.6135052442550659,-0.325228214263916,0.9415058493614197,0.7824389338493347,0.6531482338905334,-0.34495261311531067,0.8707959055900574,0.5911487340927124,0.6479253768920898,-0.3571746349334717,0.8795398473739624,0.7749499678611755,0.6543505787849426,-0.3848240375518799,0.8788496851921082,0.6001914143562317,0.6481829881668091,-0.3985128700733185,0.8891008496284485,0.7690656781196594,0.6462370157241821,-0.3343448340892792,0.8705819249153137,0.6049560308456421,0.6393293142318726,-0.343289852142334,0.886355459690094,0.7232358455657959,0.5490715503692627,-0.001235351781360805,0.9997320771217346,0.6549718976020813,0.5445099472999573,0.001073415856808424,0.9997690320014954,0.7277562618255615,0.7290613651275635,-0.04231424257159233,0.9870703220367432,0.6464515924453735,0.717471182346344,-0.10956227779388428,0.989129900932312,0.7347939014434814,0.9090842008590698,0.15965469181537628,0.991828978061676,0.6403717398643494,0.9051170349121094,0.08179222792387009,0.9921727180480957,0.7266148924827576,0.9279918670654297,0.1683661937713623,0.8898914456367493,0.6474484205245972,0.9235925674438477,0.09119228273630142,0.8495277166366577,0.7350283861160278,0.9720315933227539,-0.005974976811558008,0.9850887656211853,0.6338242292404175,0.97086101770401,-0.09076786041259766,0.9870837926864624
deadlift_01.mp4,deadlift,17,0.6847760677337646,0.19879204034805298,-0.5848206281661987,0.9999945163726807,0.6930691003799438,0.18197250366210938,-0.5636969208717346,0.9999808073043823,0.6977933049201965,0.18151822686195374,-0.5636871457099915,0.9999798536300659,0.7011083364486694,0.18139833211898804,-0.563658595085144,0.9999796152114868,0.6779240369796753,0.1826072335243225,-0.5639781951904297,0.9999806880950928,0.6731269955635071,0.1828131079673767,-0.5640962719917297,0.999982476234436,0.6690354347229004,0.1832033395767212,-0.564160943031311,0.9999840259552002,0.7079452872276306,0.18786025047302246,-0.4170188903808594,0.9999409914016724,0.6642338633537292,0.18891316652297974,-0.4202897846698761,0.9999595880508423,0.6944307684898376,0.21813738346099854,-0.5293605923652649,0.999990701675415,0.6764646768569946,0.2211405634880066,-0.5304716229438782,0.9999926090240479,0.7495962977409363,0.31991952657699585,-0.30184030532836914,0.9999158382415771,0.628279447555542,0.3250765800476074,-0.2998114824295044,0.9999068975448608,0.7646303772926331,0.4698150157928467,-0.23893319070339203,0.9812414646148682,0.613206148147583,0.4731026589870453,-0.23993994295597076,0.9776471853256226,0.7744704484939575,0.6113660931587219,-0.32190969586372375,0.9450355172157288,0.5996079444885254,0.607306182384491,-0.3312113285064697,0.9319401979446411,0.7823398113250732,0.6452669501304626,-0.35330674052238464,0.8803414106369019,0.5917327404022217,0.641110897064209,-0.36564457416534424,0.8686733841896057,0.7737379670143127,0.6462056636810303,-0.3944268822669983,0.88858562707901,0.5984660983085632,0.6419216394424438,-0.4092879295349121,0.8800500631332397,0.7673991322517395,0.6374231576919556,-0.3393189609050751,0.8830287456512451,0.604000449180603,0.632180392742157,-0.35011476278305054,0.8772225975990295,0.7232783436775208,0.5521897673606873,-0.0010902265785261989,0.9997033476829529,0.6555129885673523,0.5486735105514526,0.000885797489900142,0.9997287392616272,0.7269612550735474,0.7358559370040894,0.017036089673638344,0.9909402132034302,0.6464811563491821,0.7274744510650635,-0.037806831300258636,0.9901459813117981,0.7350881695747375,0.9093233346939087,0.25167661905288696,0.9931731820106506,0.6413865089416504,0.9056026935577393,0.17933887243270874,0.9910325407981873,0.7284834980964661,0.9261526465415955,0.26388493180274963,0.8910104036331177,0.6472049355506897,0.9231534600257874,0.19166900217533112,0.839850127696991,0.7384504079818726,0.9741433262825012,0.09020411223173141,0.9872921705245972,0.6339580416679382,0.9721346497535706,0.011531359516084194,0.9851787686347961
deadlift_01.mp4,deadlift,18,0.6838381290435791,0.18804004788398743,-0.5314037203788757,0.9999966621398926,0.6921807527542114,0.17089757323265076,-0.51127690076828,0.999988317489624,0.6972260475158691,0.1705969274044037,-0.5112424492835999,0.9999878406524658,0.7007424831390381,0.1704639494419098,-0.5111790895462036,0.9999873638153076,0.6769618988037109,0.17135629057884216,-0.5117068886756897,0.9999884366989136,0.6722992658615112,0.17139136791229248,-0.5118052959442139,0.9999896287918091,0.6681898832321167,0.17168480157852173,-0.5118477940559387,0.9999902248382568,0.7074354887008667,0.17635607719421387,-0.37360623478889465,0.999963641166687,0.6638370752334595,0.17779076099395752,-0.37788376212120056,0.9999758005142212,0.6934477090835571,0.20737269520759583,-0.4793494641780853,0.9999946355819702,0.6755722165107727,0.2100858986377716,-0.48070117831230164,0.9999954700469971,0.7496126890182495,0.30811020731925964,-0.27047622203826904,0.9999462366104126,0.6284228563308716,0.31205323338508606,-0.27052637934684753,0.9999337196350098,0.7651483416557312,0.4583224952220917,-0.2052403837442398,0.9848273992538452,0.6122804880142212,0.4635164737701416,-0.21611666679382324,0.9818529486656189,0.774287223815918,0.5978956818580627,-0.28162142634391785,0.9629345536231995,0.6002282500267029,0.5927034616470337,-0.29787304997444153,0.9498076438903809,0.7807855606079102,0.6339905261993408,-0.31042855978012085,0.9174669981002808,0.5926730036735535,0.6290943622589111,-0.3297807276248932,0.9010450839996338,0.7725101709365845,0.635307252407074,-0.34813642501831055,0.9226366877555847,0.5999783873558044,0.6300113201141357,-0.36858126521110535,0.9081229567527771,0.7663360834121704,0.6243845224380493,-0.29739975929260254,0.9185910820960999,0.6049782037734985,0.6191639304161072,-0.3146496117115021,0.9053568243980408,0.7221769690513611,0.5484419465065002,-0.004000488203018904,0.9997715353965759,0.6557890772819519,0.5448665618896484,0.0037337124813348055,0.999776303768158,0.7235245108604431,0.7297638058662415,0.029013775289058685,0.9918866753578186,0.6451534628868103,0.7205334901809692,-0.003027793951332569,0.9907630085945129,0.7347740530967712,0.9074694514274597,0.2505970001220703,0.9940755367279053,0.6406760811805725,0.903907060623169,0.20697636902332306,0.9910466074943542,0.7290477156639099,0.9243745803833008,0.2623768150806427,0.8962926268577576,0.6470152139663696,0.9213528037071228,0.21945244073867798,0.8463189005851746,0.7371429204940796,0.9738522171974182,0.10002818703651428,0.9892005920410156,0.6350010633468628,0.9734863638877869,0.055193234235048294,0.9853780269622803
deadlift_01.mp4,deadlift,19,0.6853490471839905,0.17456787824630737,-0.486775279045105,0.9999971389770508,0.6944329142570496,0.15632057189941406,-0.4662151336669922,0.9999881982803345,0.6994757652282715,0.15579578280448914,-0.4661799371242523,0.9999874830245972,0.7026821374893188,0.15578368306159973,-0.4660666584968567,0.9999855756759644,0.6785175800323486,0.15804260969161987,-0.4673372209072113,0.9999891519546509,0.6737985014915466,0.1586955487728119,-0.4673987329006195,0.9999897480010986,0.6697229743003845,0.15939250588417053,-0.4674430191516876,0.9999896287918091,0.7086454629898071,0.1637154221534729,-0.33048495650291443,0.9999628067016602,0.6647061705589294,0.1658191978931427,-0.33766642212867737,0.9999780654907227,0.6954377293586731,0.19374537467956543,-0.4360091984272003,0.9999949932098389,0.6769465804100037,0.19635221362113953,-0.43807879090309143,0.9999960660934448,0.7518842816352844,0.2968011498451233,-0.23134645819664001,0.9999561309814453,0.6267755031585693,0.30340832471847534,-0.24943222105503082,0.99996018409729,0.7657992243766785,0.4469913840293884,-0.16289858520030975,0.9852355718612671,0.6135044097900391,0.4540497958660126,-0.20438998937606812,0.9878756403923035,0.7749596834182739,0.5835281014442444,-0.24991723895072937,0.974574625492096,0.6015944480895996,0.5862207412719727,-0.28695711493492126,0.967893123626709,0.7819169759750366,0.6180861592292786,-0.27960479259490967,0.9447979927062988,0.5962487459182739,0.6231072545051575,-0.3199211359024048,0.9346707463264465,0.7742525935173035,0.6190112233161926,-0.3185109496116638,0.9481737613677979,0.6053182482719421,0.6244943737983704,-0.359068900346756,0.9392604231834412,0.7676330208778381,0.6065472364425659,-0.26666751503944397,0.945314884185791,0.6093008518218994,0.6127546429634094,-0.30392786860466003,0.9376015663146973,0.7237104177474976,0.5511793494224548,0.001196094905026257,0.9997805953025818,0.6546318531036377,0.5483859777450562,-0.0013679808471351862,0.9998346567153931,0.726799488067627,0.7275115847587585,0.057794999331235886,0.9946328401565552,0.6478610634803772,0.7253600358963013,0.021033240482211113,0.9945945143699646,0.7336148619651794,0.9039510488510132,0.2952732741832733,0.9950123429298401,0.6427270174026489,0.9063370227813721,0.23629526793956757,0.9932931661605835,0.7281327843666077,0.9253861308097839,0.30891311168670654,0.9286883473396301,0.647689163684845,0.9263044595718384,0.24916157126426697,0.8906066417694092,0.7392809987068176,0.9708207845687866,0.15401218831539154,0.990565836429596,0.6344891786575317,0.9722698926925659,0.0876077264547348,0.987114429473877
deadlift_01.mp4,deadlift,20,0.6854546070098877,0.16465428471565247,-0.48663634061813354,0.9999954700469971,0.6945275068283081,0.14629468321800232,-0.4649147689342499,0.9999825954437256,0.6995596289634705,0.14577418565750122,-0.4649023115634918,0.9999812841415405,0.7029374241828918,0.1457846462726593,-0.4648175835609436,0.99997878074646,0.678356945514679,0.14795374870300293,-0.4658283591270447,0.9999831914901733,0.6735574007034302,0.14869320392608643,-0.46589693427085876,0.9999845027923584,0.6695247888565063,0.149417906999588,-0.4659491777420044,0.9999849796295166,0.7093909978866577,0.15331345796585083,-0.32094237208366394,0.999943733215332,0.6644423604011536,0.1560242772102356,-0.327372282743454,0.9999676942825317,0.6957577466964722,0.18482285737991333,-0.43252554535865784,0.9999923706054688,0.6772605776786804,0.1873544156551361,-0.4344483017921448,0.9999940395355225,0.7521669864654541,0.28640860319137573,-0.21622633934020996,0.9999428987503052,0.6276673674583435,0.29066047072410583,-0.23164232075214386,0.9999423027038574,0.7649739980697632,0.4390125274658203,-0.14782144129276276,0.9804487824440002,0.612982451915741,0.44394075870513916,-0.18727535009384155,0.9850387573242188,0.7738989591598511,0.5753445625305176,-0.2490428239107132,0.9644010066986084,0.6019970178604126,0.5740434527397156,-0.28700175881385803,0.9604014158248901,0.7813858389854431,0.609561026096344,-0.28264909982681274,0.9278675317764282,0.5979963541030884,0.6099333763122559,-0.324203759431839,0.9218440055847168,0.7745124101638794,0.6110521554946899,-0.3235509693622589,0.9324074983596802,0.6060605645179749,0.6110682487487793,-0.3641341030597687,0.9267553687095642,0.7673853635787964,0.5994345545768738,-0.2668569087982178,0.9259480834007263,0.6097716093063354,0.5991517901420593,-0.3043949007987976,0.9214283227920532,0.7226510643959045,0.5452365279197693,0.0008684532367624342,0.9997549653053284,0.6557333469390869,0.5422791838645935,-0.0010815708665177226,0.9997438788414001,0.7262552380561829,0.726894736289978,0.04404202103614807,0.9925332069396973,0.6469648480415344,0.717929482460022,0.024600990116596222,0.9920305013656616,0.7355545163154602,0.9076231122016907,0.2743488848209381,0.9933868050575256,0.6398414373397827,0.9044202566146851,0.2483595460653305,0.9900688529014587,0.7282572984695435,0.9270373582839966,0.28679201006889343,0.9032019376754761,0.6456449627876282,0.9232046008110046,0.2617155909538269,0.8438520431518555,0.7380526661872864,0.9739859700202942,0.11864811927080154,0.9883698225021362,0.6354261040687561,0.9719735383987427,0.09170686453580856,0.9826834201812744
deadlift_01.mp4,deadlift,21,0.6860138773918152,0.14702758193016052,-0.4054785370826721,0.9999954700469971,0.6941815614700317,0.12908995151519775,-0.3824644088745117,0.9999803304672241,0.6995804905891418,0.12874966859817505,-0.38248467445373535,0.9999803304672241,0.7030727863311768,0.12850576639175415,-0.38242024183273315,0.9999771118164062,0.6781095862388611,0.13000842928886414,-0.3827018141746521,0.9999780654907227,0.6731792092323303,0.1304459273815155,-0.3827005624771118,0.9999791383743286,0.6687513589859009,0.13109341263771057,-0.38272950053215027,0.999977707862854,0.7097659707069397,0.13493645191192627,-0.23962146043777466,0.9999456405639648,0.6636744141578674,0.13777559995651245,-0.24342957139015198,0.9999525547027588,0.696444034576416,0.16857463121414185,-0.3522018492221832,0.9999922513961792,0.6775152683258057,0.17136803269386292,-0.3533390760421753,0.9999926090240479,0.7542351484298706,0.26902979612350464,-0.1500890552997589,0.9999680519104004,0.6271412968635559,0.26950639486312866,-0.15541012585163116,0.9999419450759888,0.7652232646942139,0.42021632194519043,-0.08692117780447006,0.9851552844047546,0.6132919192314148,0.42445454001426697,-0.11528593301773071,0.9804286360740662,0.7765167951583862,0.5586660504341125,-0.20329400897026062,0.9806312322616577,0.6038998365402222,0.5571467280387878,-0.2263098806142807,0.963084876537323,0.7846030592918396,0.5944069027900696,-0.2405698448419571,0.961539626121521,0.597876250743866,0.5936303734779358,-0.2659958004951477,0.9326352477073669,0.7750858664512634,0.5953167676925659,-0.28287118673324585,0.9644401669502258,0.6051031351089478,0.5944765210151672,-0.30750420689582825,0.936225950717926,0.7689237594604492,0.5838070511817932,-0.22203896939754486,0.9584287405014038,0.6095551252365112,0.5823938250541687,-0.2449238896369934,0.9291526079177856,0.7192188501358032,0.540989875793457,-0.001630161190405488,0.9998218417167664,0.653953492641449,0.5365579128265381,0.0014579584822058678,0.999762237071991,0.7218649387359619,0.7275335192680359,0.028691580519080162,0.9896357655525208,0.6509084105491638,0.7192225456237793,0.02217496559023857,0.9895163178443909,0.734521746635437,0.9093211889266968,0.250713586807251,0.990268349647522,0.6407178044319153,0.9067395329475403,0.2466997653245926,0.985101044178009,0.7258767485618591,0.9299421310424805,0.26233091950416565,0.8859541416168213,0.6464187502861023,0.9264521598815918,0.26002633571624756,0.8170953989028931,0.7360987067222595,0.9743877649307251,0.0932604968547821,0.9835851192474365,0.6377992630004883,0.9714769124984741,0.09201784431934357,0.9754602313041687
deadlift_01.mp4,deadlift,22,0.686157763004303,0.14748483896255493,-0.40201181173324585,0.9999957084655762,0.6942761540412903,0.1293528974056244,-0.3791952431201935,0.9999817609786987,0.6996544003486633,0.12901747226715088,-0.37921833992004395,0.9999818801879883,0.7031331658363342,0.12876316905021667,-0.37915855646133423,0.99997878074646,0.6781821250915527,0.13022014498710632,-0.3793999254703522,0.9999793767929077,0.6732178330421448,0.13062414526939392,-0.3793947100639343,0.9999803304672241,0.6688070297241211,0.13125401735305786,-0.37942057847976685,0.9999786615371704,0.7098231315612793,0.13505694270133972,-0.23706090450286865,0.9999505281448364,0.6636958718299866,0.1378827691078186,-0.24082262814044952,0.9999556541442871,0.6965276598930359,0.16900289058685303,-0.3489212691783905,0.999992847442627,0.6776037216186523,0.1717981994152069,-0.35003623366355896,0.9999929666519165,0.7541065812110901,0.2691529393196106,-0.1488002985715866,0.9999700784683228,0.6273902654647827,0.26907581090927124,-0.15281324088573456,0.9999442100524902,0.7651205062866211,0.42104411125183105,-0.08668886125087738,0.9857174158096313,0.6136258840560913,0.4240965247154236,-0.11299440264701843,0.9800982475280762,0.7765688896179199,0.5596551895141602,-0.2036897838115692,0.9816569089889526,0.6040585041046143,0.556845486164093,-0.22506527602672577,0.9637736678123474,0.7847208380699158,0.5951157808303833,-0.24157650768756866,0.9634763598442078,0.597865104675293,0.5932735204696655,-0.26484227180480957,0.9344645738601685,0.7750600576400757,0.5960255265235901,-0.28371748328208923,0.9662722945213318,0.6051077246665955,0.5941710472106934,-0.30672580003738403,0.9379467368125916,0.7688904404640198,0.5846995711326599,-0.2224084436893463,0.9603685736656189,0.6096420288085938,0.5820980072021484,-0.24387484788894653,0.9309767484664917,0.7191329002380371,0.5410488247871399,-0.002574074547737837,0.9998226761817932,0.6542777419090271,0.536433756351471,0.0024097333662211895,0.9997616410255432,0.7221738696098328,0.7275251150131226,0.028444595634937286,0.9892721176147461,0.6509629487991333,0.7190068960189819,0.024395128712058067,0.9890501499176025,0.7348843812942505,0.9089977741241455,0.24834902584552765,0.9897847771644592,0.6408606767654419,0.9061091542243958,0.24722258746623993,0.9844521284103394,0.726273238658905,0.9297549724578857,0.2597983777523041,0.8867648839950562,0.6465190052986145,0.9262413382530212,0.2604208290576935,0.8178761601448059,0.7367417812347412,0.9743002653121948,0.09252480417490005,0.9826815724372864,0.637383759021759,0.9705712199211121,0.09393547475337982,0.9742064476013184
deadlift_01.mp4,deadlift,23,0.6872264742851257,0.14538639783859253,-0.39438754320144653,0.9999945163726807,0.6958014965057373,0.1259026825428009,-0.37236881256103516,0.9999784231185913,0.7005526423454285,0.12529432773590088,-0.37243205308914185,0.99997878074646,0.704322338104248,0.1253092885017395,-0.37241634726524353,0.999976634979248,0.679720938205719,0.12754273414611816,-0.37252575159072876,0.9999738931655884,0.6741582751274109,0.12818655371665955,-0.37249255180358887,0.9999724626541138,0.6700948476791382,0.1290629506111145,-0.3725161850452423,0.9999697208404541,0.7116873860359192,0.13266757130622864,-0.22916802763938904,0.9999505281448364,0.6641380786895752,0.13570839166641235,-0.2322710156440735,0.9999362230300903,0.6970570683479309,0.16695043444633484,-0.34001588821411133,0.9999911785125732,0.6785787343978882,0.16890814900398254,-0.34102994203567505,0.9999899864196777,0.753873884677887,0.2641816735267639,-0.14294876158237457,0.999970555305481,0.6289098262786865,0.26313045620918274,-0.13492438197135925,0.9999305009841919,0.7674635648727417,0.41575777530670166,-0.08711516857147217,0.9833762049674988,0.615682065486908,0.4123465418815613,-0.08986140042543411,0.9591783881187439,0.7778146862983704,0.5529341697692871,-0.20914897322654724,0.9769176244735718,0.6027874946594238,0.5496458411216736,-0.2110235095024109,0.9361315369606018,0.7861530780792236,0.5882570147514343,-0.248870387673378,0.9560748338699341,0.5966057777404785,0.5884249806404114,-0.2497115284204483,0.8990063667297363,0.7765381336212158,0.5890957713127136,-0.2914145886898041,0.9596312642097473,0.6031256914138794,0.5901162028312683,-0.296609103679657,0.9051036834716797,0.7702357172966003,0.5771973133087158,-0.22809691727161407,0.951737642288208,0.607326328754425,0.5772604942321777,-0.2320571392774582,0.8959351181983948,0.7181812524795532,0.5373680591583252,-0.006158867850899696,0.9997875094413757,0.6542953848838806,0.5335419774055481,0.006033746059983969,0.9996925592422485,0.7187939882278442,0.7284238934516907,0.01723860576748848,0.987547755241394,0.6521676182746887,0.7224108576774597,0.023684196174144745,0.9868236780166626,0.734340488910675,0.9106395244598389,0.22544783353805542,0.9893497228622437,0.6409574151039124,0.9078370332717896,0.2379193753004074,0.9841362237930298,0.726277768611908,0.9312047958374023,0.23516066372394562,0.8831073045730591,0.6481956243515015,0.9305522441864014,0.249537855386734,0.8215201497077942,0.7376137971878052,0.972408652305603,0.06665751338005066,0.9822722673416138,0.6330751776695251,0.9685633182525635,0.0823431983590126,0.9744672775268555
deadlift_01.mp4,deadlift,24,0.6883299350738525,0.13894999027252197,-0.3805546164512634,0.9999945163726807,0.6960259079933167,0.11885902285575867,-0.3581278622150421,0.9999790191650391,0.700390100479126,0.11819678544998169,-0.35821324586868286,0.9999791383743286,0.7040947675704956,0.1182829737663269,-0.35821017622947693,0.9999775886535645,0.6809827089309692,0.12089148163795471,-0.3583366274833679,0.9999731779098511,0.675133228302002,0.12192761898040771,-0.3582998514175415,0.9999704360961914,0.670962393283844,0.12328505516052246,-0.3583233654499054,0.9999674558639526,0.7113015055656433,0.12613755464553833,-0.21424435079097748,0.999954104423523,0.6646188497543335,0.13143476843833923,-0.21736811101436615,0.9999315738677979,0.6977375745773315,0.16065436601638794,-0.3260110318660736,0.9999914169311523,0.6799696683883667,0.16321125626564026,-0.32700496912002563,0.9999897480010986,0.7538737058639526,0.25619035959243774,-0.1315004825592041,0.9999749660491943,0.6304003000259399,0.2577115297317505,-0.11822444945573807,0.9999186992645264,0.76649409532547,0.405551016330719,-0.08331941813230515,0.9849802851676941,0.6145922541618347,0.40630558133125305,-0.07310612499713898,0.9605796933174133,0.7783963084220886,0.5447803735733032,-0.2180827111005783,0.9832400679588318,0.604141116142273,0.5419116616249084,-0.1993376463651657,0.9454329013824463,0.7853403687477112,0.5808246731758118,-0.2602658271789551,0.9673896431922913,0.5972815752029419,0.5815466642379761,-0.2383413165807724,0.9124264717102051,0.7758800387382507,0.5821118354797363,-0.30372026562690735,0.970030665397644,0.6034378409385681,0.5827432870864868,-0.2858211100101471,0.9181621670722961,0.7703394293785095,0.5706272721290588,-0.2376701384782791,0.9635324478149414,0.6076908111572266,0.5705488920211792,-0.22066399455070496,0.9095906615257263,0.7189062237739563,0.5346908569335938,-0.007305892184376717,0.9997966885566711,0.6556165218353271,0.5312062501907349,0.007191014941781759,0.9996832609176636,0.7197123169898987,0.7327790260314941,0.003015362424775958,0.987542986869812,0.6517480611801147,0.7256087064743042,0.017341874539852142,0.9863463044166565,0.7334985733032227,0.9081345796585083,0.21943672001361847,0.9885733127593994,0.6411210894584656,0.9070137739181519,0.2316155880689621,0.9841518402099609,0.7253223657608032,0.9271440505981445,0.2300873100757599,0.8826233744621277,0.6488988399505615,0.9286943674087524,0.2431659996509552,0.8163687586784363,0.7385836839675903,0.9707369804382324,0.062353383749723434,0.9822162389755249,0.6337407231330872,0.969319224357605,0.07495860010385513,0.9752066731452942
deadlift_01.mp4,deadlift,25,0.6879801750183105,0.1434708833694458,-0.36849159002304077,0.9999912977218628,0.6955381631851196,0.12412130832672119,-0.346614271402359,0.9999681711196899,0.7000301480293274,0.12347438931465149,-0.3467116951942444,0.9999686479568481,0.7038130164146423,0.12310734391212463,-0.3467164933681488,0.9999676942825317,0.6802610158920288,0.12553319334983826,-0.34608060121536255,0.999957799911499,0.6744020581245422,0.12600857019424438,-0.34604230523109436,0.9999521970748901,0.6703110337257385,0.12656983733177185,-0.3460725247859955,0.9999485015869141,0.7110210061073303,0.1288333535194397,-0.2027137577533722,0.9999361038208008,0.6645079255104065,0.13282757997512817,-0.20186778903007507,0.9998836517333984,0.697564423084259,0.16425570845603943,-0.31352686882019043,0.9999871253967285,0.6799048185348511,0.16698822379112244,-0.31342294812202454,0.9999839067459106,0.7532753348350525,0.2553287446498871,-0.12184339761734009,0.9999754428863525,0.6303621530532837,0.2576794922351837,-0.09874339401721954,0.9998904466629028,0.7675159573554993,0.40378350019454956,-0.07865599542856216,0.9850856065750122,0.6150251626968384,0.40631386637687683,-0.04894145578145981,0.9524319171905518,0.7787035703659058,0.5434182286262512,-0.21944619715213776,0.9836048483848572,0.6047567129135132,0.5411379933357239,-0.1768476366996765,0.9351990222930908,0.7869489789009094,0.5790618062019348,-0.26259562373161316,0.968652606010437,0.5981400609016418,0.5807458758354187,-0.2161266803741455,0.8990461826324463,0.7770949602127075,0.5801841020584106,-0.30672505497932434,0.9710781574249268,0.604517936706543,0.5826138854026794,-0.2630677819252014,0.9056046009063721,0.7710564136505127,0.5687831044197083,-0.23919010162353516,0.9641296863555908,0.6088683009147644,0.5698832869529724,-0.19801105558872223,0.8945295214653015,0.7192859649658203,0.5376232266426086,-0.008841321803629398,0.9997847676277161,0.6551423072814941,0.5335423946380615,0.008752025663852692,0.9996503591537476,0.7198967933654785,0.7358901500701904,-0.0030266293324530125,0.986916184425354,0.65230792760849,0.7278503775596619,0.014784098602831364,0.9868821501731873,0.733591616153717,0.9072262048721313,0.22777962684631348,0.9872024655342102,0.6401054859161377,0.9076000452041626,0.23424094915390015,0.984446108341217,0.7253770232200623,0.9250257015228271,0.24024686217308044,0.8673479557037354,0.6478098034858704,0.9289815425872803,0.24666450917720795,0.8125274181365967,0.7389698624610901,0.9715310335159302,0.07128516584634781,0.981137752532959,0.634000301361084,0.970725417137146,0.077639140188694,0.9758778810501099
deadlift_01.mp4,deadlift,26,0.6867058873176575,0.1461629569530487,-0.3693101406097412,0.9999899864196777,0.6947490572929382,0.12629163265228271,-0.34834709763526917,0.9999608993530273,0.6997377872467041,0.12582829594612122,-0.34843382239341736,0.9999620914459229,0.7033569812774658,0.12552598118782043,-0.34843340516090393,0.99996018409729,0.6794236898422241,0.12725737690925598,-0.34739524126052856,0.9999487400054932,0.6740899085998535,0.127487450838089,-0.34735307097435,0.9999438524246216,0.6701652407646179,0.1278766691684723,-0.3473779559135437,0.9999377727508545,0.7108762264251709,0.13073956966400146,-0.2083519995212555,0.999915361404419,0.665246307849884,0.13289979100227356,-0.205884650349617,0.9998561143875122,0.696414589881897,0.16708913445472717,-0.31574469804763794,0.999983549118042,0.6788462400436401,0.16897329688072205,-0.31517738103866577,0.9999790191650391,0.7534453272819519,0.2571099102497101,-0.12758490443229675,0.9999682903289795,0.63084876537323,0.25831055641174316,-0.10532066226005554,0.9998856782913208,0.7669507265090942,0.4061757028102875,-0.08026080578565598,0.9835466146469116,0.6161507964134216,0.4050605297088623,-0.056136421859264374,0.9464019536972046,0.7793381810188293,0.5454064011573792,-0.20746850967407227,0.9788074493408203,0.605034351348877,0.5389510989189148,-0.17792059481143951,0.9269397258758545,0.7878478765487671,0.5812298655509949,-0.24753673374652863,0.959666907787323,0.5991537570953369,0.5796152353286743,-0.21554826200008392,0.888867199420929,0.7775891423225403,0.5824888348579407,-0.2904684543609619,0.962890625,0.6033665537834167,0.5802065134048462,-0.2623016834259033,0.8958185315132141,0.771115779876709,0.5709475874900818,-0.22648020088672638,0.9554266929626465,0.60732102394104,0.5683082342147827,-0.19893719255924225,0.8847354054450989,0.7186092138290405,0.5359787940979004,-0.009250546805560589,0.9997499585151672,0.6557546257972717,0.5321558117866516,0.009143581613898277,0.9995843768119812,0.7193416357040405,0.7312701344490051,-0.001878915703855455,0.9845744967460632,0.6550995707511902,0.7236394882202148,0.015681877732276917,0.9840166568756104,0.7331875562667847,0.9088757038116455,0.2032005488872528,0.9865021109580994,0.6415424346923828,0.9068323373794556,0.22127234935760498,0.9815956950187683,0.7251977920532227,0.9282381534576416,0.21291489899158478,0.8664274215698242,0.6483229398727417,0.9279807806015015,0.23218406736850739,0.8013964295387268,0.7379265427589417,0.9722090363502502,0.045229192823171616,0.9792359471321106,0.6360853314399719,0.9697312712669373,0.06677661836147308,0.971912145614624
deadlift_01.mp4,deadlift,27,0.6879040002822876,0.1534537971019745,-0.3553910255432129,0.9999853372573853,0.6957695484161377,0.13144153356552124,-0.3349507749080658,0.9999420642852783,0.7005621194839478,0.1307782232761383,-0.33503201603889465,0.999945878982544,0.7039991617202759,0.13019618391990662,-0.3350265324115753,0.9999419450759888,0.6798303723335266,0.1332228183746338,-0.3347679078578949,0.999923825263977,0.6743412613868713,0.1338927447795868,-0.3347221612930298,0.999919056892395,0.6701522469520569,0.13447237014770508,-0.33474647998809814,0.9999086856842041,0.7111581563949585,0.13588947057724,-0.194978266954422,0.9998794794082642,0.6644359827041626,0.1404116451740265,-0.19571907818317413,0.9997987151145935,0.6971794366836548,0.17326533794403076,-0.3013867735862732,0.9999750852584839,0.6796859502792358,0.17566147446632385,-0.3017057776451111,0.9999682903289795,0.7543827891349792,0.2568759620189667,-0.10989277064800262,0.9999680519104004,0.6303946375846863,0.25993308424949646,-0.0991898626089096,0.9998723268508911,0.7669780254364014,0.40438592433929443,-0.056283146142959595,0.9821646213531494,0.6164230704307556,0.4105982780456543,-0.04850092530250549,0.951189398765564,0.7786943316459656,0.5439298152923584,-0.1796545833349228,0.9789068102836609,0.6051948070526123,0.5394635200500488,-0.16364261507987976,0.9299593567848206,0.7859538793563843,0.5798770189285278,-0.21775752305984497,0.9602364301681519,0.5995286107063293,0.57871413230896,-0.20127934217453003,0.8928844928741455,0.7767913341522217,0.5812774300575256,-0.26123252511024475,0.9634637236595154,0.604511022567749,0.5795425176620483,-0.2468847930431366,0.8994347453117371,0.7708675861358643,0.569622278213501,-0.1988300234079361,0.9561986923217773,0.6082531213760376,0.5674448609352112,-0.18415558338165283,0.8870894312858582,0.718682587146759,0.5380218625068665,-0.0038132481276988983,0.9997535347938538,0.6547910571098328,0.5336654186248779,0.0037242916878312826,0.9995970129966736,0.72139573097229,0.7317630052566528,0.003102549584582448,0.9853039383888245,0.6557658314704895,0.7234151363372803,0.008374741300940514,0.9862027168273926,0.734531044960022,0.9093527793884277,0.21234767138957977,0.9863784313201904,0.6423730850219727,0.9073927998542786,0.21549177169799805,0.9824763536453247,0.7255411744117737,0.9276818633079529,0.2229582667350769,0.8683333992958069,0.6478031277656555,0.928339421749115,0.2269570678472519,0.7984229326248169,0.7388458847999573,0.9748080968856812,0.05625363066792488,0.9786940813064575,0.6373414993286133,0.9703128337860107,0.06149712949991226,0.9720364212989807
deadlift_01.mp4,deadlift,28,0.6897172331809998,0.15461045503616333,-0.3726395070552826,0.9999891519546509,0.6974543929100037,0.1339324414730072,-0.35147038102149963,0.9999569654464722,0.7016692757606506,0.13365438580513,-0.3515555262565613,0.9999583959579468,0.705093502998352,0.13336628675460815,-0.3515540361404419,0.9999562501907349,0.6823909878730774,0.13476532697677612,-0.35246047377586365,0.9999444484710693,0.6764794588088989,0.13523709774017334,-0.3524187207221985,0.9999394416809082,0.6721706390380859,0.13536080718040466,-0.3524423837661743,0.9999322891235352,0.71159827709198,0.13826701045036316,-0.20725524425506592,0.9999064207077026,0.6662815809249878,0.14062312245368958,-0.21375682950019836,0.999846339225769,0.6985287666320801,0.1740119755268097,-0.3170318603515625,0.9999814033508301,0.6814934015274048,0.17665255069732666,-0.3190388083457947,0.9999762773513794,0.7537575364112854,0.25943422317504883,-0.11948182433843613,0.9999698400497437,0.6312956213951111,0.2622612416744232,-0.11078940331935883,0.9998794794082642,0.7671657800674438,0.4063652753829956,-0.06673295050859451,0.9838306903839111,0.6181401610374451,0.41031938791275024,-0.058500394225120544,0.9519349932670593,0.7788364291191101,0.5434290170669556,-0.19782067835330963,0.980180025100708,0.6042859554290771,0.5419088006019592,-0.17711541056632996,0.9311214089393616,0.7859103679656982,0.5806497931480408,-0.23728381097316742,0.9609339237213135,0.5972712635993958,0.5809454321861267,-0.21486258506774902,0.8926443457603455,0.7773188352584839,0.5817759037017822,-0.2816832959651947,0.9642819762229919,0.6019302606582642,0.582444965839386,-0.2624191343784332,0.900283932685852,0.771267294883728,0.5703406929969788,-0.21757003664970398,0.9570133686065674,0.6060904264450073,0.570659875869751,-0.19836710393428802,0.8896292448043823,0.721357524394989,0.534546971321106,-0.004461217205971479,0.9997021555900574,0.6574671268463135,0.5313839912414551,0.004370769951492548,0.9995326995849609,0.72062087059021,0.7319530248641968,-0.0026799768675118685,0.9845971465110779,0.6561924815177917,0.7224014401435852,0.001502902596257627,0.9834165573120117,0.7337772846221924,0.9101043939590454,0.19662189483642578,0.985672116279602,0.6416823863983154,0.908246636390686,0.19948063790798187,0.98127281665802,0.7248454689979553,0.9299359321594238,0.20574671030044556,0.8618483543395996,0.6479764580726624,0.9299889802932739,0.20923590660095215,0.7838412523269653,0.739521324634552,0.9725193977355957,0.03630400821566582,0.9785166382789612,0.6363267302513123,0.9706440567970276,0.03967006132006645,0.9710201621055603
